class,recall,precision,fpr,f1
WWW,0.997820,0.971473,0.113428,0.984470
MAIL,0.886048,0.898028,0.010153,0.891998
FTP-CONTROL,0.968858,0.989399,0.000155,0.979021
FTP-PASV,0.972662,0.986861,0.000475,0.979710
ATTACK,nan,0.000000,0.000102,nan
P2P,0.521886,0.794872,0.002069,0.630081
DATABASE,0.027119,1.000000,0.000000,0.052805
FTP-DATA,0.973535,0.962617,0.001047,0.968045
MULTIMEDIA,nan,0.000000,0.000051,nan
SERVICES,0.991736,1.000000,0.000000,0.995851
INTERACTIVE,0.500000,1.000000,0.000000,0.666667
